File Title: ,C:\Users\slank\Desktop\SPS8.LOG
File Name: ,C:\Users\slank\Desktop\SPS8.LOG
Start Time:,7/27/2017 8:51:16 AM
End Time:,7/27/2017 1:00:00 PM
Interval:,1
Records:,1645
Cyclic Flags:,2
Error Flags:,8208

Date/Time,Volume (gal/m),Error #
7/27/2017 8:51:16 AM,0,2
7/27/2017 8:51:18 AM,0,2
7/27/2017 8:51:19 AM,0,2
7/27/2017 8:51:20 AM,0,2
7/27/2017 8:51:21 AM,0,2
7/27/2017 8:51:23 AM,0,0
7/27/2017 8:51:24 AM,0,0
7/27/2017 8:51:25 AM,0,0
7/27/2017 8:51:26 AM,0,0
7/27/2017 8:51:27 AM,0,0
7/27/2017 8:51:29 AM,0.737209236507737,0
7/27/2017 8:51:30 AM,0.737209236507737,0
7/27/2017 8:51:32 AM,0.737209236507737,0
7/27/2017 8:51:33 AM,0.737209236507737,0
7/27/2017 8:51:35 AM,0.737209236507737,0
7/27/2017 8:51:37 AM,0.737209236507737,0
7/27/2017 8:51:39 AM,0.737209236507737,0
7/27/2017 8:51:40 AM,0.737209236507737,0
7/27/2017 8:51:41 AM,0.737209236507737,0
7/27/2017 8:51:42 AM,0.686621877067606,0
7/27/2017 8:51:43 AM,0.686621877067606,0
7/27/2017 8:51:45 AM,0.70508463385797,0
7/27/2017 8:51:47 AM,0.70508463385797,0
7/27/2017 8:51:48 AM,0.701295490968049,0
7/27/2017 8:51:49 AM,0.701295490968049,0
7/27/2017 8:51:51 AM,0.694496646366174,0
7/27/2017 8:51:54 AM,0.693027167369954,0
7/27/2017 8:51:55 AM,0.693027167369954,0
7/27/2017 8:51:56 AM,0.693027167369954,0
7/27/2017 8:51:58 AM,0.683087878388807,0
7/27/2017 8:51:59 AM,0.683087878388807,0
7/27/2017 8:52:03 AM,0.672555344764216,0
7/27/2017 8:52:04 AM,0.655532203367585,0
7/27/2017 8:52:05 AM,0.655532203367585,0
7/27/2017 8:52:06 AM,0.655532203367585,0
7/27/2017 8:52:07 AM,0.655532203367585,0
7/27/2017 8:52:08 AM,0.644299422901158,0
7/27/2017 8:52:09 AM,0.644299422901158,0
7/27/2017 8:52:10 AM,0.644299422901158,0
7/27/2017 8:52:12 AM,0.631356593209758,0
7/27/2017 8:52:14 AM,0.631356593209758,0
7/27/2017 8:52:15 AM,0.631356593209758,0
7/27/2017 8:52:16 AM,0.618055200288367,0
7/27/2017 8:52:17 AM,0.618055200288367,0
7/27/2017 8:52:18 AM,0.599894683079953,0
7/27/2017 8:52:20 AM,0.599894683079953,0
7/27/2017 8:52:21 AM,0.588554736802982,0
7/27/2017 8:52:22 AM,0.588554736802982,0
7/27/2017 8:52:23 AM,0.588554736802982,0
7/27/2017 8:52:24 AM,0.582724333058043,0
7/27/2017 8:52:26 AM,0.582724333058043,0
7/27/2017 8:52:28 AM,0.574840556297892,0
7/27/2017 8:52:29 AM,0.568657140046012,0
7/27/2017 8:52:31 AM,0.568657140046012,0
7/27/2017 8:52:32 AM,0.568657140046012,0
7/27/2017 8:52:33 AM,0.558132520473814,0
7/27/2017 8:52:34 AM,0.558132520473814,0
7/27/2017 8:52:36 AM,0.55663101890476,0
7/27/2017 8:52:37 AM,0.55663101890476,0
7/27/2017 8:52:38 AM,0.55663101890476,0
7/27/2017 8:52:39 AM,0.514670705352161,0
7/27/2017 8:52:40 AM,0.514670705352161,0
7/27/2017 8:52:41 AM,0.514670705352161,0
7/27/2017 8:52:42 AM,0.59239790079019,0
7/27/2017 8:52:45 AM,0.51461972872772,0
7/27/2017 8:52:48 AM,0.525449572840698,0
7/27/2017 8:52:49 AM,0.525449572840698,0
7/27/2017 8:52:50 AM,0.525449572840698,0
7/27/2017 8:52:51 AM,0.52842019513125,0
7/27/2017 8:52:52 AM,0.52842019513125,0
7/27/2017 8:52:54 AM,0.533649446868397,0
7/27/2017 8:52:55 AM,0.533649446868397,0
7/27/2017 8:52:56 AM,0.533649446868397,0
7/27/2017 8:52:57 AM,0.536107486841261,0
7/27/2017 8:52:58 AM,0.536107486841261,0
7/27/2017 8:52:59 AM,0.536107486841261,0
7/27/2017 8:53:00 AM,0.536107486841261,0
7/27/2017 8:53:01 AM,0.537193005161755,0
7/27/2017 8:53:03 AM,0.533356803022907,0
7/27/2017 8:53:04 AM,0.533356803022907,0
7/27/2017 8:53:05 AM,0.532182568298548,0
7/27/2017 8:53:06 AM,0.532182568298548,0
7/27/2017 8:53:07 AM,0.532182568298548,0
7/27/2017 8:53:09 AM,0.533513495628903,0
7/27/2017 8:53:11 AM,0.527495021166162,0
7/27/2017 8:53:12 AM,0.527495021166162,0
7/27/2017 8:53:13 AM,0.527495021166162,0
7/27/2017 8:53:14 AM,0.52547497309419,0
7/27/2017 8:53:15 AM,0.52547497309419,0
7/27/2017 8:53:16 AM,0.52547497309419,0
7/27/2017 8:53:17 AM,0.529665428918927,0
7/27/2017 8:53:19 AM,0.529665428918927,0
7/27/2017 8:53:20 AM,0.531153645965879,0
7/27/2017 8:53:22 AM,0.531153645965879,0
7/27/2017 8:53:23 AM,0.534989319790919,0
7/27/2017 8:53:24 AM,0.534989319790919,0
7/27/2017 8:53:25 AM,0.534989319790919,0
7/27/2017 8:53:26 AM,0.534989319790919,0
7/27/2017 8:53:27 AM,0.524290551087495,0
7/27/2017 8:53:28 AM,0.524290551087495,0
7/27/2017 8:53:30 AM,0.521260880711583,0
7/27/2017 8:53:31 AM,0.521260880711583,0
7/27/2017 8:53:33 AM,0.510283289441201,0
7/27/2017 8:53:34 AM,0.510283289441201,0
7/27/2017 8:53:35 AM,0.510283289441201,0
7/27/2017 8:53:37 AM,0.495444148202549,0
7/27/2017 8:53:38 AM,0.495444148202549,0
7/27/2017 8:53:39 AM,0.486080097346251,0
7/27/2017 8:53:40 AM,0.486080097346251,0
7/27/2017 8:53:41 AM,0.486080097346251,0
7/27/2017 8:53:42 AM,0.479575121657945,0
7/27/2017 8:53:43 AM,0.479575121657945,0
7/27/2017 8:53:44 AM,0.479575121657945,0
7/27/2017 8:53:46 AM,0.476927897706847,0
7/27/2017 8:53:47 AM,0.476927897706847,0
7/27/2017 8:53:48 AM,0.476927897706847,0
7/27/2017 8:53:49 AM,0.484152631407692,0
7/27/2017 8:53:50 AM,0.484152631407692,0
7/27/2017 8:53:52 AM,0.49092579316207,0
7/27/2017 8:53:54 AM,0.49092579316207,0
7/27/2017 8:53:55 AM,0.482981050443836,0
7/27/2017 8:53:56 AM,0.482981050443836,0
7/27/2017 8:53:57 AM,0.482981050443836,0
7/27/2017 8:53:58 AM,0.486170413814616,0
7/27/2017 8:54:00 AM,0.486170413814616,0
7/27/2017 8:54:02 AM,0.495266038856538,0
7/27/2017 8:54:03 AM,0.495266038856538,0
7/27/2017 8:54:04 AM,0.495266038856538,0
7/27/2017 8:54:06 AM,0.498904527304939,0
7/27/2017 8:54:07 AM,0.498904527304939,0
7/27/2017 8:54:09 AM,0.509660330635869,0
7/27/2017 8:54:10 AM,0.509660330635869,0
7/27/2017 8:54:11 AM,0.519743781272363,0
7/27/2017 8:54:13 AM,0.519743781272363,0
7/27/2017 8:54:15 AM,0.53166054872689,0
7/27/2017 8:54:16 AM,0.53166054872689,0
7/27/2017 8:54:18 AM,0.542832557771175,0
7/27/2017 8:54:19 AM,0.542832557771175,0
7/27/2017 8:54:21 AM,0.549614105676603,0
7/27/2017 8:54:22 AM,0.549614105676603,0
7/27/2017 8:54:23 AM,0.549614105676603,0
7/27/2017 8:54:24 AM,0.552296198650967,0
7/27/2017 8:54:25 AM,0.552296198650967,0
7/27/2017 8:54:26 AM,0.552296198650967,0
7/27/2017 8:54:27 AM,0.552370599344485,0
7/27/2017 8:54:30 AM,0.561015739159299,0
7/27/2017 8:54:31 AM,0.561015739159299,0
7/27/2017 8:54:32 AM,0.561015739159299,0
7/27/2017 8:54:33 AM,0.561015739159299,0
7/27/2017 8:54:34 AM,0.564208592136928,0
7/27/2017 8:54:35 AM,0.564208592136928,0
7/27/2017 8:54:37 AM,0.569654118601837,0
7/27/2017 8:54:38 AM,0.569654118601837,0
7/27/2017 8:54:39 AM,0.566212029767539,0
7/27/2017 8:54:40 AM,0.566212029767539,0
7/27/2017 8:54:41 AM,0.566212029767539,0
7/27/2017 8:54:42 AM,0.566212029767539,0
7/27/2017 8:54:43 AM,0.559355247264819,0
7/27/2017 8:54:44 AM,0.559355247264819,0
7/27/2017 8:54:45 AM,0.559355247264819,0
7/27/2017 8:54:46 AM,0.55655671414546,0
7/27/2017 8:54:49 AM,0.549098471628998,0
7/27/2017 8:54:50 AM,0.549098471628998,0
7/27/2017 8:54:51 AM,0.549098471628998,0
7/27/2017 8:54:52 AM,0.549372694023887,0
7/27/2017 8:54:53 AM,0.549372694023887,0
7/27/2017 8:54:54 AM,0.549372694023887,0
7/27/2017 8:54:56 AM,0.545985956981052,0
7/27/2017 8:54:57 AM,0.545985956981052,0
7/27/2017 8:54:58 AM,0.545237917702198,0
7/27/2017 8:54:59 AM,0.545237917702198,0
7/27/2017 8:55:00 AM,0.545237917702198,0
7/27/2017 8:55:01 AM,0.545237917702198,0
7/27/2017 8:55:02 AM,0.537309752956164,0
7/27/2017 8:55:05 AM,0.528740292427076,0
7/27/2017 8:55:06 AM,0.528740292427076,0
7/27/2017 8:55:07 AM,0.524225661185437,0
7/27/2017 8:55:08 AM,0.524225661185437,0
7/27/2017 8:55:09 AM,0.524225661185437,0
7/27/2017 8:55:10 AM,0.524225661185437,0
7/27/2017 8:55:12 AM,0.514200154965319,0
7/27/2017 8:55:13 AM,0.514200154965319,0
7/27/2017 8:55:14 AM,0.503664285591855,0
7/27/2017 8:55:15 AM,0.503664285591855,0
7/27/2017 8:55:17 AM,0.499512077503991,0
7/27/2017 8:55:18 AM,0.499512077503991,0
7/27/2017 8:55:21 AM,0.494441804938804,0
7/27/2017 8:55:22 AM,0.494441804938804,0
7/27/2017 8:55:23 AM,0.4851407852624,0
7/27/2017 8:55:25 AM,0.4851407852624,0
7/27/2017 8:55:26 AM,0.47755812685549,0
7/27/2017 8:55:27 AM,0.47755812685549,0
7/27/2017 8:55:28 AM,0.47755812685549,0
7/27/2017 8:55:30 AM,0.462490786658364,0
7/27/2017 8:55:31 AM,0.462490786658364,0
7/27/2017 8:55:33 AM,0.458597646789061,0
7/27/2017 8:55:34 AM,0.458597646789061,0
7/27/2017 8:55:35 AM,0.46088441530133,0
7/27/2017 8:55:36 AM,0.46088441530133,0
7/27/2017 8:55:37 AM,0.46088441530133,0
7/27/2017 8:55:39 AM,0.463028280078361,0
7/27/2017 8:55:40 AM,0.463028280078361,0
7/27/2017 8:55:41 AM,0.463028280078361,0
7/27/2017 8:55:42 AM,0.471122625971838,0
7/27/2017 8:55:43 AM,0.471122625971838,0
7/27/2017 8:55:44 AM,0.471122625971838,0
7/27/2017 8:55:45 AM,0.47748995045035,0
7/27/2017 8:55:47 AM,0.47748995045035,0
7/27/2017 8:55:48 AM,0.47748995045035,0
7/27/2017 8:55:49 AM,0.485903676516816,0
7/27/2017 8:55:50 AM,0.485903676516816,0
7/27/2017 8:55:52 AM,0.493791841126288,0
7/27/2017 8:55:53 AM,0.493791841126288,0
7/27/2017 8:55:55 AM,0.506099040017923,0
7/27/2017 8:55:56 AM,0.506099040017923,0
7/27/2017 8:55:57 AM,0.506099040017923,0
7/27/2017 8:55:59 AM,0.502999753190043,0
7/27/2017 8:56:00 AM,0.502999753190043,0
7/27/2017 8:56:01 AM,0.502999753190043,0
7/27/2017 8:56:02 AM,0.51350073582665,0
7/27/2017 8:56:03 AM,0.51350073582665,0
7/27/2017 8:56:05 AM,0.520889300058547,0
7/27/2017 8:56:06 AM,0.520889300058547,0
7/27/2017 8:56:07 AM,0.520889300058547,0
7/27/2017 8:56:08 AM,0.531502977445606,0
7/27/2017 8:56:10 AM,0.531502977445606,0
7/27/2017 8:56:11 AM,0.534096901304426,0
7/27/2017 8:56:12 AM,0.534096901304426,0
7/27/2017 8:56:14 AM,0.537749694393375,0
7/27/2017 8:56:15 AM,0.537749694393375,0
7/27/2017 8:56:16 AM,0.537749694393375,0
7/27/2017 8:56:18 AM,0.536302372034577,0
7/27/2017 8:56:19 AM,0.536302372034577,0
7/27/2017 8:56:20 AM,0.536160221424975,0
7/27/2017 8:56:22 AM,0.536160221424975,0
7/27/2017 8:56:23 AM,0.542132773098647,0
7/27/2017 8:56:24 AM,0.542132773098647,0
7/27/2017 8:56:25 AM,0.542132773098647,0
7/27/2017 8:56:26 AM,0.542132773098647,0
7/27/2017 8:56:27 AM,0.537989093661681,0
7/27/2017 8:56:28 AM,0.537989093661681,0
7/27/2017 8:56:30 AM,0.537741639927996,0
7/27/2017 8:56:31 AM,0.537741639927996,0
7/27/2017 8:56:33 AM,0.529145506454759,0
7/27/2017 8:56:34 AM,0.529145506454759,0
7/27/2017 8:56:35 AM,0.529145506454759,0
7/27/2017 8:56:36 AM,0.530667521541552,0
7/27/2017 8:56:38 AM,0.530667521541552,0
7/27/2017 8:56:39 AM,0.530877578228848,0
7/27/2017 8:56:40 AM,0.530877578228848,0
7/27/2017 8:56:41 AM,0.530877578228848,0
7/27/2017 8:56:42 AM,0.534732055040988,0
7/27/2017 8:56:43 AM,0.534732055040988,0
7/27/2017 8:56:45 AM,0.534732055040988,0
7/27/2017 8:56:46 AM,0.531051124924023,0
7/27/2017 8:56:47 AM,0.531051124924023,0
7/27/2017 8:56:49 AM,0.521736365565962,0
7/27/2017 8:56:50 AM,0.521736365565962,0
7/27/2017 8:56:52 AM,0.515277725506702,0
7/27/2017 8:56:53 AM,0.515277725506702,0
7/27/2017 8:56:54 AM,0.515277725506702,0
7/27/2017 8:56:55 AM,0.506948891551931,0
7/27/2017 8:56:57 AM,0.506948891551931,0
7/27/2017 8:56:58 AM,0.50500440878902,0
7/27/2017 8:56:59 AM,0.50500440878902,0
7/27/2017 8:57:00 AM,0.50500440878902,0
7/27/2017 8:57:01 AM,0.5043914293969,0
7/27/2017 8:57:02 AM,0.5043914293969,0
7/27/2017 8:57:03 AM,0.5043914293969,0
7/27/2017 8:57:05 AM,0.50502916711314,0
7/27/2017 8:57:06 AM,0.50502916711314,0
7/27/2017 8:57:07 AM,0.503204717030999,0
7/27/2017 8:57:09 AM,0.503204717030999,0
7/27/2017 8:57:10 AM,0.506348259682182,0
7/27/2017 8:57:11 AM,0.506348259682182,0
7/27/2017 8:57:13 AM,0.506348259682182,0
7/27/2017 8:57:14 AM,0.502028942677232,0
7/27/2017 8:57:15 AM,0.502028942677232,0
7/27/2017 8:57:17 AM,0.501601980299568,0
7/27/2017 8:57:18 AM,0.501601980299568,0
7/27/2017 8:57:20 AM,0.506064942477569,0
7/27/2017 8:57:21 AM,0.506064942477569,0
7/27/2017 8:57:22 AM,0.506064942477569,0
7/27/2017 8:57:24 AM,0.513918704038595,0
7/27/2017 8:57:25 AM,0.513918704038595,0
7/27/2017 8:57:26 AM,0.510331323025996,0
7/27/2017 8:57:27 AM,0.510331323025996,0
7/27/2017 8:57:28 AM,0.510331323025996,0
7/27/2017 8:57:29 AM,0.508175692115282,0
7/27/2017 8:57:30 AM,0.508175692115282,0
7/27/2017 8:57:32 AM,0.508175692115282,0
7/27/2017 8:57:33 AM,0.51467254860341,0
7/27/2017 8:57:34 AM,0.51467254860341,0
7/27/2017 8:57:36 AM,0.505244840150775,0
7/27/2017 8:57:37 AM,0.505244840150775,0
7/27/2017 8:57:38 AM,0.507044311308178,0
7/27/2017 8:57:40 AM,0.507044311308178,0
7/27/2017 8:57:41 AM,0.507044311308178,0
7/27/2017 8:57:42 AM,0.511167438652629,0
7/27/2017 8:57:43 AM,0.511167438652629,0
7/27/2017 8:57:44 AM,0.511167438652629,0
7/27/2017 8:57:45 AM,0.518702767243715,0
7/27/2017 8:57:46 AM,0.518702767243715,0
7/27/2017 8:57:48 AM,0.522097463288757,0
7/27/2017 8:57:49 AM,0.522097463288757,0
7/27/2017 8:57:50 AM,0.522097463288757,0
7/27/2017 8:57:52 AM,0.519206473328057,0
7/27/2017 8:57:53 AM,0.519206473328057,0
7/27/2017 8:57:54 AM,0.515288715350048,0
7/27/2017 8:57:56 AM,0.515288715350048,0
7/27/2017 8:57:57 AM,0.516460630163164,0
7/27/2017 8:57:59 AM,0.516460630163164,0
7/27/2017 8:58:00 AM,0.516460630163164,0
7/27/2017 8:58:02 AM,0.516344458713882,0
7/27/2017 8:58:03 AM,0.516344458713882,0
7/27/2017 8:58:05 AM,0.512605630058949,0
7/27/2017 8:58:08 AM,0.51151809135025,0
7/27/2017 8:58:09 AM,0.51151809135025,0
7/27/2017 8:58:10 AM,0.51151809135025,0
7/27/2017 8:58:11 AM,0.511710795093641,0
7/27/2017 8:58:13 AM,0.511710795093641,0
7/27/2017 8:58:15 AM,0.514323259254081,0
7/27/2017 8:58:16 AM,0.514323259254081,0
7/27/2017 8:58:17 AM,0.514340783792215,0
7/27/2017 8:58:18 AM,0.514340783792215,0
7/27/2017 8:58:19 AM,0.514340783792215,0
7/27/2017 8:58:21 AM,0.518008144003298,0
7/27/2017 8:58:24 AM,0.520227116855159,0
7/27/2017 8:58:25 AM,0.520227116855159,0
7/27/2017 8:58:26 AM,0.51866323773576,0
7/27/2017 8:58:27 AM,0.51866323773576,0
7/27/2017 8:58:28 AM,0.51866323773576,0
7/27/2017 8:58:29 AM,0.51866323773576,0
7/27/2017 8:58:31 AM,0.524505001611603,0
7/27/2017 8:58:32 AM,0.524505001611603,0
7/27/2017 8:58:33 AM,0.526317973056879,0
7/27/2017 8:58:34 AM,0.526317973056879,0
7/27/2017 8:58:36 AM,0.529236853848863,0
7/27/2017 8:58:37 AM,0.529236853848863,0
7/27/2017 8:58:39 AM,0.529236853848863,0
7/27/2017 8:58:40 AM,0.534417760318237,0
7/27/2017 8:58:41 AM,0.534417760318237,0
7/27/2017 8:58:42 AM,0.535611199661973,0
7/27/2017 8:58:44 AM,0.535611199661973,0
7/27/2017 8:58:45 AM,0.539170537031006,0
7/27/2017 8:58:46 AM,0.539170537031006,0
7/27/2017 8:58:47 AM,0.539170537031006,0
7/27/2017 8:58:48 AM,0.539170537031006,0
7/27/2017 8:58:50 AM,0.537635213860801,0
7/27/2017 8:58:51 AM,0.537635213860801,0
7/27/2017 8:58:52 AM,0.542291303912375,0
7/27/2017 8:58:53 AM,0.542291303912375,0
7/27/2017 8:58:55 AM,0.54665644175316,0
7/27/2017 8:58:56 AM,0.54665644175316,0
7/27/2017 8:58:58 AM,0.53864093279694,0
7/27/2017 8:59:00 AM,0.53864093279694,0
7/27/2017 8:59:01 AM,0.528852415013516,0
7/27/2017 8:59:02 AM,0.528852415013516,0
7/27/2017 8:59:03 AM,0.528852415013516,0
7/27/2017 8:59:04 AM,0.52796220455327,0
7/27/2017 8:59:06 AM,0.52796220455327,0
7/27/2017 8:59:08 AM,0.521115045159696,0
7/27/2017 8:59:09 AM,0.521115045159696,0
7/27/2017 8:59:11 AM,0.523140207950162,0
7/27/2017 8:59:12 AM,0.523140207950162,0
7/27/2017 8:59:14 AM,0.523821941154543,0
7/27/2017 8:59:15 AM,0.523821941154543,0
7/27/2017 8:59:16 AM,0.523821941154543,0
7/27/2017 8:59:17 AM,0.520823792107588,0
7/27/2017 8:59:18 AM,0.520823792107588,0
7/27/2017 8:59:19 AM,0.520823792107588,0
7/27/2017 8:59:20 AM,0.524086531315786,0
7/27/2017 8:59:21 AM,0.524086531315786,0
7/27/2017 8:59:23 AM,0.53327125123426,0
7/27/2017 8:59:25 AM,0.53327125123426,0
7/27/2017 8:59:27 AM,0.534536716121223,0
7/27/2017 8:59:28 AM,0.534536716121223,0
7/27/2017 8:59:29 AM,0.536942289262756,0
7/27/2017 8:59:30 AM,0.536942289262756,0
7/27/2017 8:59:31 AM,0.536942289262756,0
7/27/2017 8:59:33 AM,0.537978281040876,0
7/27/2017 8:59:34 AM,0.537978281040876,0
7/27/2017 8:59:35 AM,0.537978281040876,0
7/27/2017 8:59:36 AM,0.537732431963596,0
7/27/2017 8:59:37 AM,0.537732431963596,0
7/27/2017 8:59:39 AM,0.543608143788998,0
7/27/2017 8:59:42 AM,0.539373266934723,0
7/27/2017 8:59:43 AM,0.539373266934723,0
7/27/2017 8:59:44 AM,0.539373266934723,0
7/27/2017 8:59:45 AM,0.547602527198728,0
7/27/2017 8:59:46 AM,0.547602527198728,0
7/27/2017 8:59:47 AM,0.547602527198728,0
7/27/2017 8:59:49 AM,0.541910437974297,0
7/27/2017 8:59:50 AM,0.541910437974297,0
7/27/2017 8:59:51 AM,0.538991982788225,0
7/27/2017 8:59:52 AM,0.538991982788225,0
7/27/2017 8:59:53 AM,0.538991982788225,0
7/27/2017 8:59:55 AM,0.544789098756848,0
7/27/2017 8:59:57 AM,0.544789098756848,0
7/27/2017 8:59:58 AM,0.551450997777658,0
7/27/2017 9:00:00 AM,0.551450997777658,0
7/27/2017 9:00:01 AM,0.561389293493046,0
7/27/2017 9:00:02 AM,0.561389293493046,0
7/27/2017 9:00:03 AM,0.561389293493046,0
7/27/2017 9:00:05 AM,0.569473720328664,0
7/27/2017 9:00:06 AM,0.569473720328664,0
7/27/2017 9:00:08 AM,-18.7895083042378,0
7/27/2017 9:00:09 AM,-18.7895083042378,0
7/27/2017 9:00:11 AM,-51.1803971894277,0
7/27/2017 9:00:12 AM,-51.1803971894277,0
7/27/2017 9:00:13 AM,-51.1803971894277,0
7/27/2017 9:00:14 AM,-310.307508270946,0
7/27/2017 9:00:16 AM,-310.307508270946,0
7/27/2017 9:00:17 AM,-318.661833651764,0
7/27/2017 9:00:18 AM,-318.661833651764,0
7/27/2017 9:00:20 AM,-313.483358515741,0
7/27/2017 9:00:21 AM,-313.483358515741,0
7/27/2017 9:00:22 AM,-313.483358515741,0
7/27/2017 9:00:24 AM,-315.710366244884,0
7/27/2017 9:00:25 AM,-315.710366244884,0
7/27/2017 9:00:27 AM,-312.123328055472,0
7/27/2017 9:00:28 AM,-312.123328055472,0
7/27/2017 9:00:29 AM,-312.375403886818,0
7/27/2017 9:00:30 AM,-312.375403886818,0
7/27/2017 9:00:32 AM,-312.375403886818,0
7/27/2017 9:00:33 AM,-312.540589419837,0
7/27/2017 9:00:34 AM,-312.540589419837,0
7/27/2017 9:00:36 AM,-312.475621176091,0
7/27/2017 9:00:37 AM,-312.475621176091,0
7/27/2017 9:00:39 AM,-312.365023434803,0
7/27/2017 9:00:40 AM,-312.365023434803,0
7/27/2017 9:00:41 AM,-312.365023434803,0
7/27/2017 9:00:44 AM,-312.211286631777,0
7/27/2017 9:00:45 AM,-311.826347223623,0
7/27/2017 9:00:46 AM,-311.826347223623,0
7/27/2017 9:00:47 AM,-311.826347223623,0
7/27/2017 9:00:48 AM,-310.935604425075,0
7/27/2017 9:00:49 AM,-310.935604425075,0
7/27/2017 9:00:52 AM,-311.160815229065,0
7/27/2017 9:00:53 AM,-311.160815229065,0
7/27/2017 9:00:55 AM,-311.754283023067,0
7/27/2017 9:00:56 AM,-311.754283023067,0
7/27/2017 9:00:57 AM,-311.285979682108,0
7/27/2017 9:00:59 AM,-311.285979682108,0
7/27/2017 9:01:00 AM,-311.285979682108,0
7/27/2017 9:01:01 AM,-311.024902858311,0
7/27/2017 9:01:02 AM,-311.024902858311,0
7/27/2017 9:01:03 AM,-311.024902858311,0
7/27/2017 9:01:04 AM,-310.39993575065,0
7/27/2017 9:01:05 AM,-310.39993575065,0
7/27/2017 9:01:07 AM,-309.909203904604,0
7/27/2017 9:01:08 AM,-309.909203904604,0
7/27/2017 9:01:09 AM,-309.909203904604,0
7/27/2017 9:01:10 AM,-309.879144635061,0
7/27/2017 9:01:11 AM,-309.879144635061,0
7/27/2017 9:01:12 AM,-309.879144635061,0
7/27/2017 9:01:13 AM,-309.563353655968,0
7/27/2017 9:01:15 AM,-309.563353655968,0
7/27/2017 9:01:16 AM,-309.052176160251,0
7/27/2017 9:01:17 AM,-309.052176160251,0
7/27/2017 9:01:18 AM,-309.052176160251,0
7/27/2017 9:01:20 AM,-308.76453018812,0
7/27/2017 9:01:21 AM,-308.76453018812,0
7/27/2017 9:01:23 AM,-308.233731940394,0
7/27/2017 9:01:24 AM,-308.233731940394,0
7/27/2017 9:01:26 AM,-307.386849808077,0
7/27/2017 9:01:27 AM,-307.386849808077,0
7/27/2017 9:01:28 AM,-307.386849808077,0
7/27/2017 9:01:29 AM,-300.611792749538,0
7/27/2017 9:01:30 AM,-300.611792749538,0
7/27/2017 9:01:31 AM,-300.611792749538,0
7/27/2017 9:01:32 AM,-301.838314673628,0
7/27/2017 9:01:35 AM,-302.30198725694,0
7/27/2017 9:01:36 AM,-302.30198725694,0
7/27/2017 9:01:37 AM,-302.30198725694,0
7/27/2017 9:01:38 AM,-303.00565812196,0
7/27/2017 9:01:40 AM,-303.00565812196,0
7/27/2017 9:01:42 AM,-302.709694027517,0
7/27/2017 9:01:44 AM,-300.341981271976,0
7/27/2017 9:01:45 AM,-300.341981271976,0
7/27/2017 9:01:46 AM,-300.341981271976,0
7/27/2017 9:01:47 AM,-300.341981271976,0
7/27/2017 9:01:48 AM,-301.098666106526,0
7/27/2017 9:01:51 AM,-301.458820334817,0
7/27/2017 9:01:53 AM,-301.458820334817,0
7/27/2017 9:01:54 AM,-282.504883990933,0
7/27/2017 9:01:55 AM,-282.504883990933,0
7/27/2017 9:01:56 AM,-282.504883990933,0
7/27/2017 9:01:58 AM,-251.038714611086,0
7/27/2017 9:01:59 AM,-251.038714611086,0
7/27/2017 9:02:01 AM,0.690640427688406,0
7/27/2017 9:02:02 AM,0.690640427688406,0
7/27/2017 9:02:04 AM,-2.30296731629427,0
7/27/2017 9:02:05 AM,-2.30296731629427,0
7/27/2017 9:02:06 AM,-2.30296731629427,0
7/27/2017 9:02:08 AM,1.81895261792075E-02,0
7/27/2017 9:02:09 AM,1.81895261792075E-02,0
7/27/2017 9:02:10 AM,-0.789532349957221,0
7/27/2017 9:02:12 AM,-0.789532349957221,0
7/27/2017 9:02:13 AM,0.930494621175076,0
7/27/2017 9:02:14 AM,0.930494621175076,0
7/27/2017 9:02:15 AM,0.930494621175076,0
7/27/2017 9:02:17 AM,0.921455232661215,0
7/27/2017 9:02:18 AM,0.921455232661215,0
7/27/2017 9:02:20 AM,0.866138040732272,0
7/27/2017 9:02:21 AM,0.866138040732272,0
7/27/2017 9:02:22 AM,0.774972263755303,0
7/27/2017 9:02:23 AM,0.774972263755303,0
7/27/2017 9:02:25 AM,0.774972263755303,0
7/27/2017 9:02:26 AM,0.657176682852953,0
7/27/2017 9:02:27 AM,0.657176682852953,0
7/27/2017 9:02:28 AM,0.657176682852953,0
7/27/2017 9:02:29 AM,0.56799613489763,0
7/27/2017 9:02:30 AM,0.56799613489763,0
7/27/2017 9:02:31 AM,0.56799613489763,0
7/27/2017 9:02:33 AM,0.56830830279451,0
7/27/2017 9:02:34 AM,0.56830830279451,0
7/27/2017 9:02:36 AM,0.448223840716695,0
7/27/2017 9:02:37 AM,0.448223840716695,0
7/27/2017 9:02:38 AM,0.391678791629272,0
7/27/2017 9:02:40 AM,0.391678791629272,0
7/27/2017 9:02:41 AM,0.33746073276348,0
7/27/2017 9:02:42 AM,0.33746073276348,0
7/27/2017 9:02:44 AM,0.33746073276348,0
7/27/2017 9:02:45 AM,0.347318368766013,0
7/27/2017 9:02:46 AM,0.347318368766013,0
7/27/2017 9:02:47 AM,0.324474092115752,0
7/27/2017 9:02:49 AM,0.324474092115752,0
7/27/2017 9:02:51 AM,0.301920644484203,0
7/27/2017 9:02:52 AM,0.301920644484203,0
7/27/2017 9:02:53 AM,0.301920644484203,0
7/27/2017 9:02:54 AM,0.272818295820638,0
7/27/2017 9:02:55 AM,0.272818295820638,1
7/27/2017 9:02:56 AM,0.272818295820638,1
7/27/2017 9:02:57 AM,0.272818295820638,1
7/27/2017 9:02:58 AM,0.272818295820638,1
7/27/2017 9:03:00 AM,0.272818295820638,1
7/27/2017 9:03:01 AM,0.272818295820638,1
7/27/2017 9:03:02 AM,0.272818295820638,1
7/27/2017 9:03:03 AM,0.272818295820638,1
7/27/2017 9:03:05 AM,0,1
7/27/2017 9:03:06 AM,0,1
7/27/2017 9:03:08 AM,0,1
7/27/2017 9:03:09 AM,0,1
7/27/2017 9:03:10 AM,0,1
7/27/2017 9:03:11 AM,0,1
7/27/2017 9:03:12 AM,0,1
7/27/2017 9:03:13 AM,0,1
7/27/2017 9:03:14 AM,0,1
7/27/2017 9:03:16 AM,0,1
7/27/2017 9:03:17 AM,0,1
7/27/2017 9:03:18 AM,0,1
7/27/2017 9:03:19 AM,0,1
7/27/2017 9:03:20 AM,0,1
7/27/2017 9:03:21 AM,0,1
7/27/2017 9:03:22 AM,0,1
7/27/2017 9:03:23 AM,0,1
7/27/2017 9:03:24 AM,0,1
7/27/2017 9:03:25 AM,0,1
7/27/2017 9:03:27 AM,0,1
7/27/2017 9:03:28 AM,0,1
7/27/2017 9:03:29 AM,0,1
7/27/2017 9:03:30 AM,0,1
7/27/2017 9:03:31 AM,0,1
7/27/2017 9:03:32 AM,0,1
7/27/2017 9:03:33 AM,0,1
7/27/2017 9:03:35 AM,0,1
7/27/2017 9:03:36 AM,0,1
7/27/2017 9:03:37 AM,0,1
7/27/2017 9:03:38 AM,0,1
7/27/2017 9:03:39 AM,0,1
7/27/2017 9:03:40 AM,0,1
7/27/2017 9:03:41 AM,0,1
7/27/2017 9:03:43 AM,0,1
7/27/2017 9:03:44 AM,0,1
7/27/2017 9:03:45 AM,0,1
7/27/2017 9:03:46 AM,0,1
7/27/2017 9:03:48 AM,0,1
7/27/2017 9:03:49 AM,0,1
7/27/2017 9:03:51 AM,0,1
7/27/2017 9:03:52 AM,0,1
7/27/2017 9:03:53 AM,0,1
7/27/2017 9:03:54 AM,0,1
7/27/2017 9:03:55 AM,0,1
7/27/2017 9:03:56 AM,0,1
7/27/2017 9:03:57 AM,0,1
7/27/2017 9:03:59 AM,0,1
7/27/2017 9:04:00 AM,0,1
7/27/2017 9:04:02 AM,0,1
7/27/2017 9:04:03 AM,0,1
7/27/2017 9:04:04 AM,0,1
7/27/2017 9:04:05 AM,0,1
7/27/2017 9:04:06 AM,0,1
7/27/2017 9:04:07 AM,0,1
7/27/2017 9:04:08 AM,0,1
7/27/2017 9:04:10 AM,0,1
7/27/2017 9:04:11 AM,0,1
7/27/2017 9:04:12 AM,0,1
7/27/2017 9:04:13 AM,0,1
7/27/2017 9:04:14 AM,0,1
7/27/2017 9:04:15 AM,0,1
7/27/2017 9:04:16 AM,0,1
7/27/2017 9:04:18 AM,0,1
7/27/2017 9:04:19 AM,0,1
7/27/2017 9:04:20 AM,0,1
7/27/2017 9:04:21 AM,0,1
7/27/2017 9:04:22 AM,0,1
7/27/2017 9:04:23 AM,0,1
7/27/2017 9:04:24 AM,0,1
7/27/2017 9:04:26 AM,0,1
7/27/2017 9:04:27 AM,0,1
7/27/2017 9:04:28 AM,0,1
7/27/2017 9:04:29 AM,0,1
7/27/2017 9:04:30 AM,0,1
7/27/2017 9:04:31 AM,0,1
7/27/2017 9:04:32 AM,0,1
7/27/2017 9:04:34 AM,0,1
7/27/2017 9:04:35 AM,0,1
7/27/2017 9:04:36 AM,0,1
7/27/2017 9:04:37 AM,0,1
7/27/2017 9:04:38 AM,0,1
7/27/2017 9:04:39 AM,0,1
7/27/2017 9:04:40 AM,0,1
7/27/2017 9:04:41 AM,0,1
7/27/2017 9:04:42 AM,0,1
7/27/2017 9:04:43 AM,0,1
7/27/2017 9:04:45 AM,0,1
7/27/2017 9:04:46 AM,0,1
7/27/2017 9:04:47 AM,0,1
7/27/2017 9:04:48 AM,0,1
7/27/2017 9:04:49 AM,0,1
7/27/2017 9:04:50 AM,0,1
7/27/2017 9:04:51 AM,0,1
7/27/2017 9:04:53 AM,0,1
7/27/2017 9:04:54 AM,0,1
7/27/2017 9:04:55 AM,0,1
7/27/2017 9:04:56 AM,0,1
7/27/2017 9:04:57 AM,0,1
7/27/2017 9:04:58 AM,0,1
7/27/2017 9:04:59 AM,0,1
7/27/2017 9:05:01 AM,0,1
7/27/2017 9:05:02 AM,0,1
7/27/2017 9:05:03 AM,0,1
7/27/2017 9:05:04 AM,0,1
7/27/2017 9:05:05 AM,0,1
7/27/2017 9:05:07 AM,0,1
7/27/2017 9:05:09 AM,0,1
7/27/2017 9:05:10 AM,0,1
7/27/2017 9:05:11 AM,0,1
7/27/2017 9:05:12 AM,0,1
7/27/2017 9:05:13 AM,0,1
7/27/2017 9:05:14 AM,0,1
7/27/2017 9:05:15 AM,0,1
7/27/2017 9:05:17 AM,0,1
7/27/2017 9:05:18 AM,0,1
7/27/2017 9:05:19 AM,0,1
7/27/2017 9:05:21 AM,0,1
7/27/2017 9:05:22 AM,0,1
7/27/2017 9:05:23 AM,0,1
7/27/2017 9:05:24 AM,0,1
7/27/2017 9:05:25 AM,0,1
7/27/2017 9:05:26 AM,0,1
7/27/2017 9:05:28 AM,0,1
7/27/2017 9:05:29 AM,0,1
7/27/2017 9:05:30 AM,0,1
7/27/2017 9:05:31 AM,0,1
7/27/2017 9:05:32 AM,0,1
7/27/2017 9:05:33 AM,0,1
7/27/2017 9:05:34 AM,0,1
7/27/2017 9:05:36 AM,0,1
7/27/2017 9:05:37 AM,0,1
7/27/2017 9:05:38 AM,0,1
7/27/2017 9:05:39 AM,0,1
7/27/2017 9:05:40 AM,0,1
7/27/2017 9:05:42 AM,0,1
7/27/2017 9:05:45 AM,0,1
7/27/2017 9:05:46 AM,0,1
7/27/2017 9:05:47 AM,0,1
7/27/2017 9:05:48 AM,0,1
7/27/2017 9:05:49 AM,0,1
7/27/2017 9:05:50 AM,0,1
7/27/2017 9:05:52 AM,0,1
7/27/2017 9:05:53 AM,0,1
7/27/2017 9:05:54 AM,0,1
7/27/2017 9:05:55 AM,0,1
7/27/2017 9:05:57 AM,0,1
7/27/2017 9:05:58 AM,0,1
7/27/2017 9:05:59 AM,0,1
7/27/2017 9:06:01 AM,0,1
7/27/2017 9:06:03 AM,0,1
7/27/2017 9:06:04 AM,0,1
7/27/2017 9:06:05 AM,0,1
7/27/2017 9:06:06 AM,0,1
7/27/2017 9:06:07 AM,0,1
7/27/2017 9:06:08 AM,0,1
7/27/2017 9:06:09 AM,0,1
7/27/2017 9:06:11 AM,0,1
7/27/2017 9:06:12 AM,0,1
7/27/2017 9:06:13 AM,0,1
7/27/2017 9:06:14 AM,0,1
7/27/2017 9:06:15 AM,0,1
7/27/2017 9:06:16 AM,0,1
7/27/2017 9:06:17 AM,0,1
7/27/2017 9:06:19 AM,0,1
7/27/2017 9:06:20 AM,0,1
7/27/2017 9:06:21 AM,0,1
7/27/2017 9:06:22 AM,0,1
7/27/2017 9:06:23 AM,0,1
7/27/2017 9:06:24 AM,0,1
7/27/2017 9:06:25 AM,0,1
7/27/2017 9:06:27 AM,0,1
7/27/2017 9:06:28 AM,0,1
7/27/2017 9:06:29 AM,0,1
7/27/2017 9:06:30 AM,0,1
7/27/2017 9:06:31 AM,0,1
7/27/2017 9:06:32 AM,0,1
7/27/2017 9:06:33 AM,0,1
7/27/2017 9:06:35 AM,0,1
7/27/2017 9:06:36 AM,0,1
7/27/2017 9:06:37 AM,0,1
7/27/2017 9:06:38 AM,0,1
7/27/2017 9:06:39 AM,0,1
7/27/2017 9:06:40 AM,0,1
7/27/2017 9:06:41 AM,0,1
7/27/2017 9:06:42 AM,0,1
7/27/2017 9:06:43 AM,0,1
7/27/2017 9:06:44 AM,0,1
7/27/2017 9:06:46 AM,0,1
7/27/2017 9:06:47 AM,0,1
7/27/2017 9:06:48 AM,0,1
7/27/2017 9:06:49 AM,0,1
7/27/2017 9:06:50 AM,0,1
7/27/2017 9:06:51 AM,0,1
7/27/2017 9:06:52 AM,0,1
7/27/2017 9:06:54 AM,0,1
7/27/2017 9:06:55 AM,0,1
7/27/2017 9:06:56 AM,0,1
7/27/2017 9:06:57 AM,0,1
7/27/2017 9:06:58 AM,0,1
7/27/2017 9:06:59 AM,0,1
7/27/2017 9:07:00 AM,0,1
7/27/2017 9:07:02 AM,0,1
7/27/2017 9:07:03 AM,0,1
7/27/2017 9:07:04 AM,0,1
7/27/2017 9:07:05 AM,0,1
7/27/2017 9:07:06 AM,0,1
7/27/2017 9:07:07 AM,0,1
7/27/2017 9:07:08 AM,0,1
7/27/2017 9:07:10 AM,0,1
7/27/2017 9:07:11 AM,0,1
7/27/2017 9:07:12 AM,0,1
7/27/2017 9:07:13 AM,0,1
7/27/2017 9:07:15 AM,0,1
7/27/2017 9:07:16 AM,0,1
7/27/2017 9:07:17 AM,0,1
7/27/2017 9:07:18 AM,0,1
7/27/2017 9:07:19 AM,0,1
7/27/2017 9:07:21 AM,0,1
7/27/2017 9:07:22 AM,0,1
7/27/2017 9:07:23 AM,0,1
7/27/2017 9:07:24 AM,0,1
7/27/2017 9:07:25 AM,0,1
7/27/2017 9:07:27 AM,0,1
7/27/2017 9:07:29 AM,0,1
7/27/2017 9:07:30 AM,0,1
7/27/2017 9:07:31 AM,0,1
7/27/2017 9:07:33 AM,0,1
7/27/2017 9:07:34 AM,0,1
7/27/2017 9:07:35 AM,0,1
7/27/2017 9:07:37 AM,0,1
7/27/2017 9:07:38 AM,0,1
7/27/2017 9:07:39 AM,0,1
7/27/2017 9:07:40 AM,0,1
7/27/2017 9:07:41 AM,0,1
7/27/2017 9:07:42 AM,0,1
7/27/2017 9:07:43 AM,0,1
7/27/2017 9:07:45 AM,0,1
7/27/2017 9:07:46 AM,0,1
7/27/2017 9:07:47 AM,0,1
7/27/2017 9:07:48 AM,0,1
7/27/2017 9:07:50 AM,0,1
7/27/2017 9:07:51 AM,0,1
7/27/2017 9:07:53 AM,0,1
7/27/2017 9:07:54 AM,0,1
7/27/2017 9:07:55 AM,0,1
7/27/2017 9:07:56 AM,0,1
7/27/2017 9:07:57 AM,0,1
7/27/2017 9:07:58 AM,0,1
7/27/2017 9:07:59 AM,0,1
7/27/2017 9:08:00 AM,0,1
7/27/2017 9:08:01 AM,0,1
7/27/2017 9:08:02 AM,0,1
7/27/2017 9:08:04 AM,0,1
7/27/2017 9:08:05 AM,0,1
7/27/2017 9:08:06 AM,0,1
7/27/2017 9:08:07 AM,0,1
7/27/2017 9:08:08 AM,0,1
7/27/2017 9:08:09 AM,0,1
7/27/2017 9:08:11 AM,0,1
7/27/2017 9:08:12 AM,0,1
7/27/2017 9:08:13 AM,0,1
7/27/2017 9:08:14 AM,0,1
7/27/2017 9:08:15 AM,0,1
7/27/2017 9:08:16 AM,0,1
7/27/2017 9:08:17 AM,0,1
7/27/2017 9:08:18 AM,0,1
7/27/2017 9:08:20 AM,0,1
7/27/2017 9:08:21 AM,0,1
7/27/2017 9:08:22 AM,0,1
7/27/2017 9:08:23 AM,0,1
7/27/2017 9:08:24 AM,0,1
7/27/2017 9:08:25 AM,0,1
7/27/2017 9:08:26 AM,0,1
7/27/2017 9:08:28 AM,0,1
7/27/2017 9:08:29 AM,0,1
7/27/2017 9:08:30 AM,0,1
7/27/2017 9:08:31 AM,0,1
7/27/2017 9:08:32 AM,0,1
7/27/2017 9:08:33 AM,0,1
7/27/2017 9:08:34 AM,0,1
7/27/2017 9:08:36 AM,0,1
7/27/2017 9:08:37 AM,0,1
7/27/2017 9:08:39 AM,0,1
7/27/2017 9:08:41 AM,0,1
7/27/2017 9:08:42 AM,0,1
7/27/2017 9:08:43 AM,0,1
7/27/2017 9:08:45 AM,0,1
7/27/2017 9:08:47 AM,0,1
7/27/2017 9:08:48 AM,0,1
7/27/2017 9:08:49 AM,0,1
7/27/2017 9:08:50 AM,0,1
7/27/2017 9:08:51 AM,0,1
7/27/2017 9:08:52 AM,0,1
7/27/2017 9:08:53 AM,0,1
7/27/2017 9:08:55 AM,0,1
7/27/2017 9:08:56 AM,0,1
7/27/2017 9:08:57 AM,0,1
7/27/2017 9:08:58 AM,0,1
7/27/2017 9:08:59 AM,0,1
7/27/2017 9:09:00 AM,0,1
7/27/2017 9:09:01 AM,0,1
7/27/2017 9:09:03 AM,0,1
7/27/2017 9:09:04 AM,0,1
7/27/2017 9:09:05 AM,0,1
7/27/2017 9:09:06 AM,0,1
7/27/2017 9:09:07 AM,0,1
7/27/2017 9:09:08 AM,0,1
7/27/2017 9:09:09 AM,0,1
7/27/2017 9:09:11 AM,0,1
7/27/2017 9:09:12 AM,0,1
7/27/2017 9:09:13 AM,0,1
7/27/2017 9:09:15 AM,0,1
7/27/2017 9:09:16 AM,0,1
7/27/2017 9:09:17 AM,0,1
7/27/2017 9:09:18 AM,0,1
7/27/2017 9:09:19 AM,0,1
7/27/2017 9:09:20 AM,0,1
7/27/2017 9:09:22 AM,0,1
7/27/2017 9:09:23 AM,0,1
7/27/2017 9:09:24 AM,0,1
7/27/2017 9:09:25 AM,0,1
7/27/2017 9:09:26 AM,0,1
7/27/2017 9:09:27 AM,0,1
7/27/2017 9:09:31 AM,0,1
7/27/2017 9:09:32 AM,0,1
7/27/2017 9:09:33 AM,0,1
7/27/2017 9:09:34 AM,0,1
7/27/2017 9:09:35 AM,0,1
7/27/2017 9:09:36 AM,0,1
7/27/2017 9:09:38 AM,0,1
7/27/2017 9:09:39 AM,0,1
7/27/2017 9:09:40 AM,0,1
7/27/2017 9:09:41 AM,0,1
7/27/2017 9:09:42 AM,0,1
7/27/2017 9:09:43 AM,0,1
7/27/2017 9:09:44 AM,0,1
7/27/2017 9:09:46 AM,0,1
7/27/2017 9:09:47 AM,0,1
7/27/2017 9:09:48 AM,0,1
7/27/2017 9:09:49 AM,0,1
7/27/2017 9:09:50 AM,0,1
7/27/2017 9:09:51 AM,0,1
7/27/2017 9:09:52 AM,0,1
7/27/2017 9:09:54 AM,0,1
7/27/2017 9:09:55 AM,0,1
7/27/2017 9:09:56 AM,0,1
7/27/2017 9:09:57 AM,0,1
7/27/2017 9:09:59 AM,0,1
7/27/2017 9:10:00 AM,0,1
7/27/2017 9:10:01 AM,0,1
7/27/2017 9:10:02 AM,0,1
7/27/2017 9:10:03 AM,0,1
7/27/2017 9:10:05 AM,0,1
7/27/2017 9:10:06 AM,0,1
7/27/2017 9:10:07 AM,0,1
7/27/2017 9:10:08 AM,0,1
7/27/2017 9:10:09 AM,0,1
7/27/2017 9:10:10 AM,0,1
7/27/2017 9:10:11 AM,0,1
7/27/2017 9:10:13 AM,0,1
7/27/2017 9:10:14 AM,0,1
7/27/2017 9:10:15 AM,0,1
7/27/2017 9:10:16 AM,0,1
7/27/2017 9:10:17 AM,0,1
7/27/2017 9:10:18 AM,0,1
7/27/2017 9:10:19 AM,0,1
7/27/2017 9:10:21 AM,0,1
7/27/2017 9:10:22 AM,0,1
7/27/2017 9:10:23 AM,0,1
7/27/2017 9:10:25 AM,0,1
7/27/2017 9:10:26 AM,0,1
7/27/2017 9:10:27 AM,0,1
7/27/2017 9:10:29 AM,0,1
7/27/2017 9:10:30 AM,0,1
7/27/2017 9:10:31 AM,0,1
7/27/2017 9:10:32 AM,0,1
7/27/2017 9:10:33 AM,0,1
7/27/2017 9:10:34 AM,0,1
7/27/2017 9:10:35 AM,0,1
7/27/2017 9:10:36 AM,0,1
7/27/2017 9:10:37 AM,0,1
7/27/2017 9:10:39 AM,0,1
7/27/2017 9:10:41 AM,0,1
7/27/2017 9:10:42 AM,0,1
7/27/2017 9:10:43 AM,0,1
7/27/2017 9:10:44 AM,0,1
7/27/2017 9:10:45 AM,0,1
7/27/2017 9:10:46 AM,0,1
7/27/2017 9:10:48 AM,0,1
7/27/2017 9:10:49 AM,0,1
7/27/2017 9:10:50 AM,0,1
7/27/2017 9:10:51 AM,0,1
7/27/2017 9:10:52 AM,0,1
7/27/2017 9:10:53 AM,0,1
7/27/2017 9:10:55 AM,0,1
7/27/2017 9:10:56 AM,0,1
7/27/2017 9:10:57 AM,0,1
7/27/2017 9:10:58 AM,0,1
7/27/2017 9:10:59 AM,0,1
7/27/2017 9:11:00 AM,0,1
7/27/2017 9:11:01 AM,0,1
7/27/2017 9:11:02 AM,0,1
7/27/2017 9:11:04 AM,0,1
7/27/2017 9:11:05 AM,0,1
7/27/2017 9:11:06 AM,0,1
7/27/2017 9:11:07 AM,0,1
7/27/2017 9:11:08 AM,0,1
7/27/2017 9:11:09 AM,0,1
7/27/2017 9:11:10 AM,0,1
7/27/2017 9:11:12 AM,0,1
7/27/2017 9:11:13 AM,0,1
7/27/2017 9:11:14 AM,0,1
7/27/2017 9:11:15 AM,0,1
7/27/2017 9:11:16 AM,0,1
7/27/2017 9:11:17 AM,0,1
7/27/2017 9:11:18 AM,0,1
7/27/2017 9:11:19 AM,0,1
7/27/2017 9:11:20 AM,0,1
7/27/2017 9:11:22 AM,0,1
7/27/2017 9:11:23 AM,0,1
7/27/2017 9:11:25 AM,0,1
7/27/2017 9:11:26 AM,0,1
7/27/2017 9:11:27 AM,0,1
7/27/2017 9:11:28 AM,0,1
7/27/2017 9:11:29 AM,0,1
7/27/2017 9:11:31 AM,0,1
7/27/2017 9:11:32 AM,0,1
7/27/2017 9:11:33 AM,0,1
7/27/2017 9:11:34 AM,0,1
7/27/2017 9:11:35 AM,0,1
7/27/2017 9:11:36 AM,0,1
7/27/2017 9:11:37 AM,0,1
7/27/2017 9:11:39 AM,0,1
7/27/2017 9:11:40 AM,0,1
7/27/2017 9:11:41 AM,0,1
7/27/2017 9:11:42 AM,0,1
7/27/2017 9:11:43 AM,0,1
7/27/2017 9:11:44 AM,0,1
7/27/2017 9:11:45 AM,0,1
7/27/2017 9:11:47 AM,0,1
7/27/2017 9:11:48 AM,0,1
7/27/2017 9:11:49 AM,0,1
7/27/2017 9:11:50 AM,0,1
7/27/2017 9:11:51 AM,0,1
7/27/2017 9:11:52 AM,0,1
7/27/2017 9:11:53 AM,0,1
7/27/2017 9:11:55 AM,0,1
7/27/2017 9:11:56 AM,0,1
7/27/2017 9:11:58 AM,0,1
7/27/2017 9:11:59 AM,0,1
7/27/2017 9:12:00 AM,0,1
7/27/2017 9:12:01 AM,0,1
7/27/2017 9:12:02 AM,0,1
7/27/2017 9:12:03 AM,0,1
7/27/2017 9:12:04 AM,0,1
7/27/2017 9:12:06 AM,0,1
7/27/2017 9:12:07 AM,0,1
7/27/2017 9:12:08 AM,0,1
7/27/2017 9:12:09 AM,0,1
7/27/2017 9:12:10 AM,0,1
7/27/2017 9:12:11 AM,0,1
7/27/2017 9:12:12 AM,0,1
7/27/2017 9:12:14 AM,0,1
7/27/2017 9:12:15 AM,0,1
7/27/2017 9:12:16 AM,0,1
7/27/2017 9:12:17 AM,0,1
7/27/2017 9:12:18 AM,0,1
7/27/2017 9:12:19 AM,0,1
7/27/2017 9:12:20 AM,0,1
7/27/2017 9:12:22 AM,0,1
7/27/2017 9:12:23 AM,0,1
7/27/2017 9:12:24 AM,0,1
7/27/2017 9:12:25 AM,0,1
7/27/2017 9:12:26 AM,0,1
7/27/2017 9:12:27 AM,0,1
7/27/2017 9:12:28 AM,0,1
7/27/2017 9:12:30 AM,0,1
7/27/2017 9:12:31 AM,0,1
7/27/2017 9:12:32 AM,0,1
7/27/2017 9:12:33 AM,0,1
7/27/2017 9:12:34 AM,0,1
7/27/2017 9:12:35 AM,0,1
7/27/2017 9:12:36 AM,0,1
7/27/2017 9:12:37 AM,0,1
7/27/2017 9:12:38 AM,0,1
7/27/2017 9:12:39 AM,0,1
7/27/2017 9:12:41 AM,0,1
7/27/2017 9:12:42 AM,0,1
7/27/2017 9:12:43 AM,0,1
7/27/2017 9:12:44 AM,0,1
7/27/2017 9:12:45 AM,0,1
7/27/2017 9:12:46 AM,0,1
7/27/2017 9:12:47 AM,0,1
7/27/2017 9:12:49 AM,0,1
7/27/2017 9:12:51 AM,0,1
7/27/2017 9:12:52 AM,0,1
7/27/2017 9:12:53 AM,0,1
7/27/2017 9:12:54 AM,0,1
7/27/2017 9:12:55 AM,0,1
7/27/2017 9:12:57 AM,0,1
7/27/2017 9:12:58 AM,0,1
7/27/2017 9:13:00 AM,0,1
7/27/2017 9:13:01 AM,0,1
7/27/2017 9:13:03 AM,0,1
7/27/2017 9:13:06 AM,0,1
7/27/2017 9:13:07 AM,0,1
7/27/2017 9:13:08 AM,0,1
7/27/2017 9:13:09 AM,0,1
7/27/2017 9:13:10 AM,0,1
7/27/2017 9:13:11 AM,0,1
7/27/2017 9:13:13 AM,0,1
7/27/2017 9:13:14 AM,0,1
7/27/2017 9:13:15 AM,0,1
7/27/2017 9:13:16 AM,0,1
7/27/2017 9:13:17 AM,0,1
7/27/2017 9:13:18 AM,0,1
7/27/2017 9:13:20 AM,0,1
7/27/2017 9:13:21 AM,0,1
7/27/2017 9:13:22 AM,0,1
7/27/2017 9:13:24 AM,0,1
7/27/2017 9:13:25 AM,0,1
7/27/2017 9:13:26 AM,0,1
7/27/2017 9:13:27 AM,0,1
7/27/2017 9:13:28 AM,0,1
7/27/2017 9:13:29 AM,0,1
7/27/2017 9:13:30 AM,0,1
7/27/2017 9:13:32 AM,0,1
7/27/2017 9:13:33 AM,0,1
7/27/2017 9:13:34 AM,0,1
7/27/2017 9:13:35 AM,0,1
7/27/2017 9:13:36 AM,0,1
7/27/2017 9:13:37 AM,0,1
7/27/2017 9:13:38 AM,0,1
7/27/2017 9:13:40 AM,0,1
7/27/2017 9:13:41 AM,0,1
7/27/2017 9:13:42 AM,0,1
7/27/2017 9:13:43 AM,0,1
7/27/2017 9:13:44 AM,0,1
7/27/2017 9:13:45 AM,0,1
7/27/2017 9:13:46 AM,0,1
7/27/2017 9:13:48 AM,0,1
7/27/2017 9:13:50 AM,0,1
7/27/2017 9:13:51 AM,0,1
7/27/2017 9:13:52 AM,0,1
7/27/2017 9:13:53 AM,0,1
7/27/2017 9:13:54 AM,0,1
7/27/2017 9:13:55 AM,0,1
7/27/2017 9:13:56 AM,0,1
7/27/2017 9:13:57 AM,0,1
7/27/2017 9:13:59 AM,0,1
7/27/2017 9:14:00 AM,0,1
7/27/2017 9:14:01 AM,0,1
7/27/2017 9:14:02 AM,0,1
7/27/2017 9:14:03 AM,0,1
7/27/2017 9:14:04 AM,0,1
7/27/2017 9:14:05 AM,0,1
7/27/2017 9:14:07 AM,0,1
7/27/2017 9:14:08 AM,0,1
7/27/2017 9:14:10 AM,0,1
7/27/2017 9:14:11 AM,0,1
7/27/2017 9:14:12 AM,0,1
7/27/2017 9:14:14 AM,0,1
7/27/2017 9:14:15 AM,0,1
7/27/2017 9:14:16 AM,0,1
7/27/2017 9:14:17 AM,0,1
7/27/2017 9:14:18 AM,0,1
7/27/2017 9:14:19 AM,0,1
7/27/2017 9:14:20 AM,0,1
7/27/2017 9:14:21 AM,0,1
7/27/2017 9:14:23 AM,0,1
7/27/2017 9:14:24 AM,0,1
7/27/2017 9:14:25 AM,0,1
7/27/2017 9:14:26 AM,0,1
7/27/2017 9:14:27 AM,0,1
7/27/2017 9:14:28 AM,0,1
7/27/2017 9:14:29 AM,0,1
7/27/2017 9:14:31 AM,0,1
7/27/2017 9:14:32 AM,0,1
7/27/2017 9:14:33 AM,0,1
7/27/2017 9:14:34 AM,0,1
7/27/2017 9:14:35 AM,0,1
7/27/2017 9:14:36 AM,0,1
7/27/2017 9:14:37 AM,0,1
7/27/2017 9:14:38 AM,0,1
7/27/2017 9:14:39 AM,0,1
7/27/2017 9:14:40 AM,0,1
7/27/2017 9:14:42 AM,0,1
7/27/2017 9:14:43 AM,0,1
7/27/2017 9:14:44 AM,0,1
7/27/2017 9:14:45 AM,0,1
7/27/2017 9:14:46 AM,0,1
7/27/2017 9:14:47 AM,0,1
7/27/2017 9:14:48 AM,0,1
7/27/2017 9:14:50 AM,0,1
7/27/2017 9:14:52 AM,0,1
7/27/2017 9:14:53 AM,0,1
7/27/2017 9:14:54 AM,0,1
7/27/2017 9:14:55 AM,0,1
7/27/2017 9:14:56 AM,0,5
7/27/2017 9:14:58 AM,0,2
7/27/2017 9:14:59 AM,0,2
7/27/2017 9:15:00 AM,0,2
7/27/2017 9:15:02 AM,0,5
7/27/2017 9:15:03 AM,0,5
7/27/2017 9:15:04 AM,0,5
7/27/2017 9:15:06 AM,0,5
7/27/2017 9:15:07 AM,0,5
7/27/2017 9:15:08 AM,0,5
7/27/2017 9:15:09 AM,0,5
7/27/2017 9:15:10 AM,0,5
7/27/2017 9:15:11 AM,0,5
7/27/2017 9:15:12 AM,0,0
7/27/2017 9:15:15 AM,0.17982144933394,0
7/27/2017 9:15:17 AM,4.52331481666138E-02,0
7/27/2017 9:15:18 AM,4.52331481666138E-02,0
7/27/2017 9:15:19 AM,4.52331481666138E-02,0
7/27/2017 9:15:21 AM,3.93696162672576E-04,0
7/27/2017 9:15:22 AM,3.93696162672576E-04,0
7/27/2017 9:15:23 AM,-0.03306788464185,0
7/27/2017 9:15:25 AM,-0.03306788464185,0
7/27/2017 9:15:26 AM,-5.83761904376693E-02,0
7/27/2017 9:15:27 AM,-5.83761904376693E-02,0
7/27/2017 9:15:28 AM,-5.83761904376693E-02,0
7/27/2017 9:15:29 AM,-5.83761904376693E-02,0
7/27/2017 9:15:30 AM,-9.42805204395788E-02,0
7/27/2017 9:15:31 AM,-9.42805204395788E-02,0
7/27/2017 9:15:33 AM,-0.125486952395216,0
7/27/2017 9:15:34 AM,-0.125486952395216,0
7/27/2017 9:15:35 AM,-0.13928186437731,0
7/27/2017 9:15:36 AM,-0.13928186437731,0
7/27/2017 9:15:37 AM,-0.13928186437731,0
7/27/2017 9:15:39 AM,-0.157951634443277,0
7/27/2017 9:15:42 AM,-0.177872116834132,0
7/27/2017 9:15:43 AM,-0.177872116834132,0
7/27/2017 9:15:45 AM,-0.197759453009095,0
7/27/2017 9:15:46 AM,-0.197759453009095,0
7/27/2017 9:15:47 AM,-0.197759453009095,0
7/27/2017 9:15:49 AM,-0.218834783517615,0
7/27/2017 9:15:51 AM,-0.236161880861274,0
7/27/2017 9:15:52 AM,-0.236161880861274,0
7/27/2017 9:15:54 AM,-0.246455877090082,0
7/27/2017 9:15:55 AM,-0.246455877090082,0
7/27/2017 9:15:56 AM,-0.246455877090082,0
7/27/2017 9:15:57 AM,-0.246455877090082,0
7/27/2017 9:15:58 AM,-0.254967893602357,0
7/27/2017 9:16:00 AM,-0.254967893602357,0
7/27/2017 9:16:01 AM,-0.267614828666635,0
7/27/2017 9:16:02 AM,-0.267614828666635,0
7/27/2017 9:16:03 AM,-0.280681655467398,0
7/27/2017 9:16:05 AM,-0.280681655467398,0
7/27/2017 9:16:06 AM,-0.280681655467398,0
7/27/2017 9:16:08 AM,-0.28933196046118,0
7/27/2017 9:16:10 AM,-0.292885743731895,0
7/27/2017 9:16:11 AM,-0.292885743731895,0
7/27/2017 9:16:12 AM,-0.292885743731895,0
7/27/2017 9:16:14 AM,-0.300774311302284,0
7/27/2017 9:16:16 AM,-0.311767015526612,0
7/27/2017 9:16:17 AM,-0.311767015526612,0
7/27/2017 9:16:18 AM,-0.311767015526612,0
7/27/2017 9:16:19 AM,-0.323285170502212,0
7/27/2017 9:16:20 AM,-0.323285170502212,0
7/27/2017 9:16:21 AM,-0.323285170502212,0
7/27/2017 9:16:22 AM,-0.341404849578634,0
7/27/2017 9:16:24 AM,-0.341404849578634,0
7/27/2017 9:16:26 AM,-0.345121757337083,0
7/27/2017 9:16:27 AM,-0.345121757337083,0
7/27/2017 9:16:29 AM,-0.342911766664446,0
7/27/2017 9:16:30 AM,-0.342911766664446,0
7/27/2017 9:16:32 AM,-0.354915162749526,0
7/27/2017 9:16:33 AM,-0.354915162749526,5
7/27/2017 9:16:34 AM,-0.354915162749526,5
7/27/2017 9:16:35 AM,-0.354915162749526,5
7/27/2017 9:16:36 AM,-0.354915162749526,5
7/27/2017 9:16:37 AM,-0.354915162749526,5
7/27/2017 9:16:38 AM,-0.354915162749526,5
7/27/2017 9:16:39 AM,-0.354915162749526,5
7/27/2017 9:16:40 AM,-0.354915162749526,5
7/27/2017 9:16:41 AM,-0.354915162749526,5
7/27/2017 9:16:44 AM,0,5
7/27/2017 9:16:45 AM,0,5
7/27/2017 9:16:46 AM,0,0
7/27/2017 9:16:47 AM,0,0
7/27/2017 9:16:48 AM,16.6645867157985,0
7/27/2017 9:16:49 AM,16.6645867157985,0
7/27/2017 9:16:52 AM,45.7571772504782,0
7/27/2017 9:16:53 AM,45.7571772504782,0
7/27/2017 9:16:54 AM,275.227508210967,0
7/27/2017 9:16:55 AM,275.227508210967,0
7/27/2017 9:16:56 AM,275.227508210967,0
7/27/2017 9:16:57 AM,283.710014038601,0
7/27/2017 9:16:59 AM,283.710014038601,0
7/27/2017 9:17:01 AM,279.34629310093,0
7/27/2017 9:17:02 AM,279.34629310093,0
7/27/2017 9:17:03 AM,279.34629310093,0
7/27/2017 9:17:04 AM,281.215086034593,0
7/27/2017 9:17:05 AM,281.215086034593,0
7/27/2017 9:17:07 AM,280.658127455319,0
7/27/2017 9:17:09 AM,280.658127455319,0
7/27/2017 9:17:10 AM,280.658127455319,0
7/27/2017 9:17:11 AM,280.870744921293,0
7/27/2017 9:17:12 AM,280.870744921293,0
7/27/2017 9:17:13 AM,280.870744921293,0
7/27/2017 9:17:14 AM,280.831979148974,0
7/27/2017 9:17:15 AM,280.831979148974,0
7/27/2017 9:17:16 AM,280.831979148974,0
7/27/2017 9:17:18 AM,281.069356504437,0
7/27/2017 9:17:19 AM,281.069356504437,0
7/27/2017 9:17:20 AM,281.069356504437,0
7/27/2017 9:17:21 AM,281.386029720998,0
7/27/2017 9:17:22 AM,281.386029720998,0
7/27/2017 9:17:24 AM,281.390583782558,0
7/27/2017 9:17:27 AM,281.543548442705,0
7/27/2017 9:17:28 AM,281.543548442705,0
7/27/2017 9:17:29 AM,281.543548442705,0
7/27/2017 9:17:30 AM,281.384565165425,0
7/27/2017 9:17:31 AM,281.384565165425,0
7/27/2017 9:17:32 AM,281.384565165425,0
7/27/2017 9:17:34 AM,281.299961666346,0
7/27/2017 9:17:36 AM,281.260736838604,0
7/27/2017 9:17:37 AM,281.260736838604,0
7/27/2017 9:17:38 AM,281.260736838604,0
7/27/2017 9:17:40 AM,281.261987118208,0
7/27/2017 9:17:43 AM,281.0234863326,0
7/27/2017 9:17:44 AM,281.0234863326,0
7/27/2017 9:17:45 AM,281.015627744631,0
7/27/2017 9:17:46 AM,281.015627744631,0
7/27/2017 9:17:47 AM,281.015627744631,0
7/27/2017 9:17:48 AM,281.015627744631,0
7/27/2017 9:17:50 AM,281.009724368565,0
7/27/2017 9:17:51 AM,281.009724368565,0
7/27/2017 9:17:52 AM,281.120868712399,0
7/27/2017 9:17:53 AM,281.120868712399,0
7/27/2017 9:17:54 AM,281.120868712399,0
7/27/2017 9:17:55 AM,281.116055019312,0
7/27/2017 9:17:56 AM,281.116055019312,0
7/27/2017 9:17:57 AM,281.116055019312,0
7/27/2017 9:17:59 AM,281.630418401014,0
7/27/2017 9:18:01 AM,281.914679454238,0
7/27/2017 9:18:02 AM,281.914679454238,0
7/27/2017 9:18:03 AM,281.914679454238,0
7/27/2017 9:18:04 AM,282.138451126596,0
7/27/2017 9:18:05 AM,282.138451126596,0
7/27/2017 9:18:06 AM,282.138451126596,0
7/27/2017 9:18:08 AM,282.557202717923,0
7/27/2017 9:18:09 AM,282.557202717923,0
7/27/2017 9:18:11 AM,282.542038161583,0
7/27/2017 9:18:12 AM,282.542038161583,0
7/27/2017 9:18:13 AM,282.576222806259,0
7/27/2017 9:18:14 AM,282.576222806259,0
7/27/2017 9:18:15 AM,282.576222806259,0
7/27/2017 9:18:17 AM,282.6618666819,0
7/27/2017 9:18:18 AM,282.6618666819,0
7/27/2017 9:18:19 AM,282.6618666819,0
7/27/2017 9:18:20 AM,282.96421730275,0
7/27/2017 9:18:21 AM,282.96421730275,0
7/27/2017 9:18:23 AM,282.91388660064,0
7/27/2017 9:18:25 AM,282.91388660064,0
7/27/2017 9:18:26 AM,282.91388660064,0
7/27/2017 9:18:27 AM,283.018516357874,0
7/27/2017 9:18:28 AM,283.018516357874,0
7/27/2017 9:18:30 AM,283.180857204506,0
7/27/2017 9:18:31 AM,283.180857204506,0
7/27/2017 9:18:32 AM,283.177090481637,0
7/27/2017 9:18:33 AM,283.177090481637,0
7/27/2017 9:18:34 AM,283.177090481637,0
7/27/2017 9:18:36 AM,283.133442239234,0
7/27/2017 9:18:37 AM,283.133442239234,0
7/27/2017 9:18:39 AM,283.0005286529,0
7/27/2017 9:18:40 AM,283.0005286529,0
7/27/2017 9:18:42 AM,282.89128931399,0
7/27/2017 9:18:44 AM,282.89128931399,0
7/27/2017 9:18:45 AM,282.800179960734,0
7/27/2017 9:18:46 AM,282.800179960734,0
7/27/2017 9:18:47 AM,282.800179960734,0
7/27/2017 9:18:48 AM,282.880129498528,0
7/27/2017 9:18:49 AM,282.880129498528,0
7/27/2017 9:18:50 AM,282.880129498528,0
7/27/2017 9:18:52 AM,282.843632276276,0
7/27/2017 9:18:53 AM,282.843632276276,0
7/27/2017 9:18:55 AM,283.021784249726,0
7/27/2017 9:18:56 AM,283.021784249726,0
7/27/2017 9:18:58 AM,283.168238099891,0
7/27/2017 9:19:00 AM,283.300325423406,0
7/27/2017 9:19:01 AM,283.300325423406,0
7/27/2017 9:19:02 AM,283.300325423406,0
7/27/2017 9:19:03 AM,283.300325423406,0
7/27/2017 9:19:05 AM,283.112425889377,0
7/27/2017 9:19:06 AM,283.112425889377,0
7/27/2017 9:19:08 AM,283.354930493943,0
7/27/2017 9:19:09 AM,283.354930493943,0
7/27/2017 9:19:10 AM,283.354930493943,0
7/27/2017 9:19:11 AM,283.076483055586,0
7/27/2017 9:19:12 AM,283.076483055586,0
7/27/2017 9:19:13 AM,283.076483055586,0
7/27/2017 9:19:15 AM,283.008015442332,0
7/27/2017 9:19:16 AM,283.008015442332,0
7/27/2017 9:19:17 AM,282.657472811487,0
7/27/2017 9:19:19 AM,282.657472811487,0
7/27/2017 9:19:20 AM,264.791911852501,0
7/27/2017 9:19:21 AM,264.791911852501,0
7/27/2017 9:19:22 AM,264.791911852501,0
7/27/2017 9:19:24 AM,235.114373374226,0
7/27/2017 9:19:25 AM,235.114373374226,0
7/27/2017 9:19:27 AM,-2.30593445197277,0
7/27/2017 9:19:28 AM,-2.30593445197277,0
7/27/2017 9:19:29 AM,-1.74472620611919,0
7/27/2017 9:19:31 AM,-1.74472620611919,0
7/27/2017 9:19:32 AM,-1.74472620611919,0
7/27/2017 9:19:33 AM,-0.382456447194653,0
7/27/2017 9:19:35 AM,-0.382456447194653,0
7/27/2017 9:19:36 AM,-1.13141887915261,0
7/27/2017 9:19:38 AM,-1.13141887915261,0
7/27/2017 9:19:39 AM,-1.779467940405,0
7/27/2017 9:19:40 AM,-1.779467940405,0
7/27/2017 9:19:41 AM,-1.779467940405,0
7/27/2017 9:19:43 AM,-1.71195806895307,5
7/27/2017 9:19:44 AM,-1.71195806895307,5
7/27/2017 9:19:45 AM,-1.71195806895307,2
7/27/2017 9:19:46 AM,-1.71195806895307,2
7/27/2017 9:19:47 AM,-1.71195806895307,2
7/27/2017 9:19:48 AM,-0.380169351974237,0
7/27/2017 9:19:49 AM,-0.380169351974237,5
7/27/2017 9:19:51 AM,-0.380169351974237,5
7/27/2017 9:19:52 AM,-0.380169351974237,0
7/27/2017 9:19:54 AM,5.54086221957269,0
7/27/2017 9:19:55 AM,5.54086221957269,0
7/27/2017 9:19:56 AM,5.54086221957269,0
7/27/2017 9:19:57 AM,5.54086221957269,5
7/27/2017 9:19:58 AM,5.54086221957269,2
7/27/2017 9:19:59 AM,5.54086221957269,2
7/27/2017 9:20:00 AM,5.54086221957269,2
7/27/2017 9:20:02 AM,5.54086221957269,1
7/27/2017 9:20:04 AM,5.54086221957269,1
7/27/2017 9:20:05 AM,5.54086221957269,1
7/27/2017 9:20:06 AM,5.54086221957269,1
7/27/2017 9:20:07 AM,5.54086221957269,1
7/27/2017 9:20:08 AM,0,1
7/27/2017 9:20:10 AM,0,1
7/27/2017 9:20:11 AM,0,1
7/27/2017 9:20:12 AM,0,1
7/27/2017 9:20:13 AM,0,1
7/27/2017 9:20:14 AM,0,1
7/27/2017 9:20:15 AM,0,1
7/27/2017 9:20:16 AM,0,1
7/27/2017 9:20:18 AM,0,1
7/27/2017 9:20:19 AM,0,1
7/27/2017 9:20:21 AM,0,1
7/27/2017 9:20:22 AM,0,1
7/27/2017 9:20:23 AM,0,1
7/27/2017 9:20:24 AM,0,1
7/27/2017 9:20:26 AM,0,1
7/27/2017 9:20:27 AM,0,1
7/27/2017 9:20:28 AM,0,1
7/27/2017 9:20:29 AM,0,1
7/27/2017 9:20:30 AM,0,1
7/27/2017 9:20:31 AM,0,1
7/27/2017 9:20:32 AM,0,1
7/27/2017 9:20:33 AM,0,1
7/27/2017 9:20:34 AM,0,1
7/27/2017 9:20:35 AM,0,1
7/27/2017 9:20:37 AM,0,1
7/27/2017 9:20:38 AM,0,1
7/27/2017 9:20:39 AM,0,1
7/27/2017 9:20:40 AM,0,1
7/27/2017 9:20:41 AM,0,1
7/27/2017 9:20:42 AM,0,1
7/27/2017 9:20:43 AM,0,1
7/27/2017 9:20:45 AM,0,1
7/27/2017 9:20:46 AM,0,1
7/27/2017 9:20:47 AM,0,1
7/27/2017 9:20:48 AM,0,1
7/27/2017 9:20:49 AM,0,1
7/27/2017 9:20:50 AM,0,1
7/27/2017 9:20:51 AM,0,1
7/27/2017 9:20:53 AM,0,1
7/27/2017 9:20:54 AM,0,1
7/27/2017 9:20:55 AM,0,1
7/27/2017 9:20:57 AM,0,1
7/27/2017 9:20:58 AM,0,1
7/27/2017 9:20:59 AM,0,1
7/27/2017 9:21:01 AM,0,1
7/27/2017 9:21:02 AM,0,1
7/27/2017 9:21:03 AM,0,1
7/27/2017 9:21:04 AM,0,1
7/27/2017 9:21:05 AM,0,1
7/27/2017 9:21:07 AM,0,1
7/27/2017 9:21:09 AM,0,1
7/27/2017 9:21:10 AM,0,1
7/27/2017 9:21:11 AM,0,1
7/27/2017 9:21:12 AM,0,1
7/27/2017 9:21:13 AM,0,1
7/27/2017 9:21:14 AM,0,1
7/27/2017 9:21:15 AM,0,1
7/27/2017 9:21:16 AM,0,1
7/27/2017 9:21:17 AM,0,1
7/27/2017 9:21:18 AM,0,1
7/27/2017 9:21:20 AM,0,1
7/27/2017 9:21:21 AM,0,1
7/27/2017 9:21:22 AM,0,1
7/27/2017 9:21:23 AM,0,1
7/27/2017 9:21:24 AM,0,1
7/27/2017 9:21:25 AM,0,1
7/27/2017 9:21:26 AM,0,1
7/27/2017 9:21:28 AM,0,1
7/27/2017 9:21:29 AM,0,1
7/27/2017 9:21:30 AM,0,1
7/27/2017 9:21:31 AM,0,1
7/27/2017 9:21:32 AM,0,1
7/27/2017 9:21:33 AM,0,1
7/27/2017 9:21:34 AM,0,1
7/27/2017 9:21:36 AM,0,1
7/27/2017 9:21:37 AM,0,1
7/27/2017 9:21:38 AM,0,1
7/27/2017 9:21:39 AM,0,1
7/27/2017 9:21:40 AM,0,1
7/27/2017 9:21:41 AM,0,1
7/27/2017 9:21:42 AM,0,1
7/27/2017 9:21:44 AM,0,1
7/27/2017 9:21:45 AM,0,1
7/27/2017 9:21:46 AM,0,1
7/27/2017 9:21:47 AM,0,1
7/27/2017 9:21:48 AM,0,1
7/27/2017 9:21:49 AM,0,1
7/27/2017 9:21:50 AM,0,1
7/27/2017 9:21:51 AM,0,1
7/27/2017 9:21:52 AM,0,1
7/27/2017 9:21:53 AM,0,1
7/27/2017 9:21:55 AM,0,1
7/27/2017 9:21:56 AM,0,1
7/27/2017 9:21:57 AM,0,1
7/27/2017 9:21:58 AM,0,1
7/27/2017 9:22:00 AM,0,1
7/27/2017 9:22:01 AM,0,1
7/27/2017 9:22:03 AM,0,1
7/27/2017 9:22:04 AM,0,1
7/27/2017 9:22:05 AM,0,1
7/27/2017 9:22:06 AM,0,1
7/27/2017 9:22:07 AM,0,1
7/27/2017 9:22:08 AM,0,1
7/27/2017 9:22:09 AM,0,1
7/27/2017 9:22:11 AM,0,1
7/27/2017 9:22:13 AM,0,1
7/27/2017 9:22:14 AM,0,1
7/27/2017 9:22:16 AM,0,1
7/27/2017 9:22:17 AM,0,1
7/27/2017 9:22:19 AM,0,1
7/27/2017 9:22:20 AM,0,1
7/27/2017 9:22:21 AM,0,1
7/27/2017 9:22:22 AM,0,1
7/27/2017 9:22:23 AM,0,1
7/27/2017 9:22:24 AM,0,1
7/27/2017 9:22:25 AM,0,1
7/27/2017 9:22:27 AM,0,1
7/27/2017 9:22:28 AM,0,1
7/27/2017 9:22:29 AM,0,1
7/27/2017 9:22:30 AM,0,1
7/27/2017 9:22:31 AM,0,1
7/27/2017 9:22:32 AM,0,1
7/27/2017 9:22:33 AM,0,1
7/27/2017 9:22:34 AM,0,1
7/27/2017 9:22:35 AM,0,1
7/27/2017 9:22:36 AM,0,1
7/27/2017 9:22:38 AM,0,1
7/27/2017 9:22:39 AM,0,1
7/27/2017 9:22:40 AM,0,1
7/27/2017 9:22:41 AM,0,1
7/27/2017 9:22:42 AM,0,1
7/27/2017 9:22:43 AM,0,1
7/27/2017 9:22:44 AM,0,1
7/27/2017 9:22:46 AM,0,1
7/27/2017 9:22:47 AM,0,1
7/27/2017 9:22:49 AM,0,1
7/27/2017 9:22:50 AM,0,1
7/27/2017 9:22:51 AM,0,1
7/27/2017 9:22:52 AM,0,1
7/27/2017 9:22:54 AM,0,1
7/27/2017 9:22:55 AM,0,1
7/27/2017 9:22:56 AM,0,1
7/27/2017 9:22:57 AM,0,1
7/27/2017 9:22:58 AM,0,1
7/27/2017 9:22:59 AM,0,1
7/27/2017 9:23:00 AM,0,1
7/27/2017 9:23:02 AM,0,1
7/27/2017 9:23:03 AM,0,1
7/27/2017 9:23:04 AM,0,1
7/27/2017 9:23:05 AM,0,1
7/27/2017 9:23:06 AM,0,1
7/27/2017 9:23:07 AM,0,1
7/27/2017 9:23:08 AM,0,1
7/27/2017 9:23:10 AM,0,1
7/27/2017 9:23:11 AM,0,1
7/27/2017 9:23:13 AM,0,1
7/27/2017 9:23:14 AM,0,1
7/27/2017 9:23:15 AM,0,1
7/27/2017 9:23:16 AM,0,1
7/27/2017 9:23:17 AM,0,1
7/27/2017 9:23:18 AM,0,1
7/27/2017 9:23:19 AM,0,1
7/27/2017 9:23:21 AM,0,1
7/27/2017 9:23:22 AM,0,1
7/27/2017 9:23:23 AM,0,1
7/27/2017 9:23:24 AM,0,1
7/27/2017 9:23:25 AM,0,1
7/27/2017 9:23:26 AM,0,1
7/27/2017 9:23:27 AM,0,1
7/27/2017 9:23:29 AM,0,1
7/27/2017 9:23:30 AM,0,1
7/27/2017 9:23:31 AM,0,1
7/27/2017 9:23:32 AM,0,1
7/27/2017 9:23:33 AM,0,1
7/27/2017 9:23:34 AM,0,1
7/27/2017 9:23:35 AM,0,1
7/27/2017 9:23:37 AM,0,1
7/27/2017 9:23:38 AM,0,1
7/27/2017 9:23:39 AM,0,1
7/27/2017 9:23:40 AM,0,1
7/27/2017 9:23:42 AM,0,1
7/27/2017 9:23:43 AM,0,1
7/27/2017 9:23:45 AM,0,1
7/27/2017 9:23:46 AM,0,1
7/27/2017 9:23:47 AM,0,1
7/27/2017 9:23:48 AM,0,1
7/27/2017 9:23:49 AM,0,1
7/27/2017 9:23:50 AM,0,1
7/27/2017 9:23:51 AM,0,1
7/27/2017 9:23:52 AM,0,1
7/27/2017 9:23:53 AM,0,1
7/27/2017 9:23:54 AM,0,1
7/27/2017 9:23:56 AM,0,1
7/27/2017 9:23:57 AM,0,1
7/27/2017 9:23:58 AM,0,1
7/27/2017 9:23:59 AM,0,1
7/27/2017 9:24:00 AM,0,1
7/27/2017 9:24:01 AM,0,1
7/27/2017 9:24:03 AM,0,1
7/27/2017 9:24:04 AM,0,1
7/27/2017 9:24:05 AM,0,1
7/27/2017 9:24:06 AM,0,1
7/27/2017 9:24:07 AM,0,1
7/27/2017 9:24:08 AM,0,1
7/27/2017 9:24:09 AM,0,1
7/27/2017 9:24:10 AM,0,1
7/27/2017 9:24:12 AM,0,1
7/27/2017 9:24:13 AM,0,1
7/27/2017 9:24:14 AM,0,1
7/27/2017 9:24:16 AM,0,1
7/27/2017 9:24:17 AM,0,1
7/27/2017 9:24:18 AM,0,1
7/27/2017 9:24:20 AM,0,1
7/27/2017 9:24:21 AM,0,1
7/27/2017 9:24:22 AM,0,1
7/27/2017 9:24:23 AM,0,1
7/27/2017 9:24:24 AM,0,1
7/27/2017 9:24:25 AM,0,1
7/27/2017 9:24:26 AM,0,1
7/27/2017 9:24:28 AM,0,1
7/27/2017 9:24:29 AM,0,1
7/27/2017 9:24:30 AM,0,1
7/27/2017 9:24:34 AM,0,1
7/27/2017 9:24:35 AM,0,1
7/27/2017 11:45:16 AM,0,1
7/27/2017 11:45:17 AM,0,1
7/27/2017 11:45:18 AM,0,1
7/27/2017 11:45:19 AM,0,1
7/27/2017 11:45:20 AM,0,1
7/27/2017 11:45:21 AM,0,1
7/27/2017 11:45:23 AM,0,1
7/27/2017 11:45:24 AM,0,1
7/27/2017 11:45:25 AM,0,1
7/27/2017 11:45:26 AM,0,1
7/27/2017 11:45:27 AM,0,1
7/27/2017 11:45:28 AM,0,1
7/27/2017 11:45:29 AM,0,1
7/27/2017 11:45:30 AM,0,1
7/27/2017 11:45:31 AM,0,1
7/27/2017 11:45:32 AM,0,1
7/27/2017 11:45:34 AM,0,1
7/27/2017 11:45:35 AM,0,1
7/27/2017 11:45:36 AM,0,1
7/27/2017 11:45:37 AM,0,1
7/27/2017 11:45:38 AM,0,1
7/27/2017 11:45:39 AM,0,1
7/27/2017 11:45:40 AM,0,1
7/27/2017 11:45:42 AM,0,1
7/27/2017 11:45:43 AM,0,1
7/27/2017 11:45:44 AM,0,1
7/27/2017 11:45:45 AM,0,1
7/27/2017 11:45:46 AM,0,1
7/27/2017 11:45:47 AM,0,1
7/27/2017 11:45:48 AM,0,1
7/27/2017 11:45:50 AM,0,1
7/27/2017 11:45:52 AM,0,1
7/27/2017 11:45:53 AM,0,1
7/27/2017 11:45:54 AM,0,1
7/27/2017 11:45:55 AM,0,1
7/27/2017 11:45:56 AM,0,1
7/27/2017 11:45:58 AM,0,1
7/27/2017 11:45:59 AM,0,1
7/27/2017 11:46:01 AM,0,1
7/27/2017 11:46:02 AM,0,1
7/27/2017 11:46:03 AM,0,1
7/27/2017 11:46:04 AM,0,1
7/27/2017 11:46:06 AM,0,1
7/27/2017 11:46:07 AM,0,1
7/27/2017 11:46:09 AM,0,1
